{
    "bones": {
        "head_to_neck": {
            "head": [
                0.5441545248031616,
                0.6277675628662109,
                -0.4586104452610016
            ],
            "tail": [
                0.5606619715690613,
                0.5855900049209595,
                -0.41835546493530273
            ]
        },
        "neck_to_left_shoulder": {
            "head": [
                0.5606619715690613,
                0.5855900049209595,
                -0.41835546493530273
            ],
            "tail": [
                0.6925014853477478,
                0.7565633654594421,
                -0.13429097831249237
            ]
        },
        "neck_to_right_shoulder": {
            "head": [
                0.5606619715690613,
                0.5855900049209595,
                -0.41835546493530273
            ],
            "tail": [
                0.42456668615341187,
                0.7889983057975769,
                0.16511192917823792
            ]
        },
        "left_shoulder_to_left_elbow": {
            "head": [
                0.6925014853477478,
                0.7565633654594421,
                -0.13429097831249237
            ],
            "tail": [
                0.912632167339325,
                0.7483917474746704,
                -0.45190176367759705
            ]
        },
        "left_elbow_to_left_wrist": {
            "head": [
                0.912632167339325,
                0.7483917474746704,
                -0.45190176367759705
            ],
            "tail": [
                0.819574236869812,
                0.5042537450790405,
                -0.6062407493591309
            ]
        },
        "right_shoulder_to_right_elbow": {
            "head": [
                0.42456668615341187,
                0.7889983057975769,
                0.16511192917823792
            ],
            "tail": [
                0.20275941491127014,
                0.8621692657470703,
                0.1203969344496727
            ]
        },
        "right_elbow_to_right_wrist": {
            "head": [
                0.20275941491127014,
                0.8621692657470703,
                0.1203969344496727
            ],
            "tail": [
                0.2303115874528885,
                0.5696465373039246,
                -0.051155440509319305
            ]
        },
        "neck_to_spine": {
            "head": [
                0.5606619715690613,
                0.5855900049209595,
                -0.41835546493530273
            ],
            "tail": [
                0.6547127962112427,
                1.322110652923584,
                -0.13673262298107147
            ]
        },
        "spine_to_left_hip": {
            "head": [
                0.6547127962112427,
                1.322110652923584,
                -0.13673262298107147
            ],
            "tail": [
                0.6439727544784546,
                1.7890833616256714,
                -0.2737542390823364
            ]
        },
        "spine_to_right_hip": {
            "head": [
                0.6547127962112427,
                1.322110652923584,
                -0.13673262298107147
            ],
            "tail": [
                0.4526403844356537,
                1.321090579032898,
                0.14050327241420746
            ]
        },
        "left_hip_to_left_knee": {
            "head": [
                0.6439727544784546,
                1.7890833616256714,
                -0.2737542390823364
            ],
            "tail": [
                0.6487510204315186,
                2.2086751461029053,
                0.021340031176805496
            ]
        },
        "left_knee_to_left_ankle": {
            "head": [
                0.6487510204315186,
                2.2086751461029053,
                0.021340031176805496
            ],
            "tail": [
                0.6636766195297241,
                2.2686166763305664,
                0.028036464005708694
            ]
        },
        "right_hip_to_right_knee": {
            "head": [
                0.4526403844356537,
                1.321090579032898,
                0.14050327241420746
            ],
            "tail": [
                0.45299696922302246,
                1.7892504930496216,
                0.13813644647598267
            ]
        },
        "right_knee_to_right_ankle": {
            "head": [
                0.45299696922302246,
                1.7892504930496216,
                0.13813644647598267
            ],
            "tail": [
                0.4495106339454651,
                2.206153154373169,
                0.23000702261924744
            ]
        }
    }
}