{
    "bones": {
        "thumb_base_to_thumb_joint1": {
            "head": [
                0.19458699226379395,
                0.7787780165672302,
                6.862031796117662e-07
            ],
            "tail": [
                0.2714195251464844,
                0.7625681161880493,
                -0.04191667214035988
            ]
        },
        "thumb_joint1_to_thumb_joint2": {
            "head": [
                0.2714195251464844,
                0.7625681161880493,
                -0.04191667214035988
            ],
            "tail": [
                0.3457302749156952,
                0.7206284403800964,
                -0.06094551458954811
            ]
        },
        "thumb_joint2_to_thumb_joint3": {
            "head": [
                0.3457302749156952,
                0.7206284403800964,
                -0.06094551458954811
            ],
            "tail": [
                0.4038997292518616,
                0.6741054058074951,
                -0.0770256295800209
            ]
        },
        "thumb_joint3_to_thumb_tip": {
            "head": [
                0.4038997292518616,
                0.6741054058074951,
                -0.0770256295800209
            ],
            "tail": [
                0.45463240146636963,
                0.649510383605957,
                -0.09153684228658676
            ]
        },
        "wrist_to_index_base": {
            "head": [
                0.19458699226379395,
                0.7787780165672302,
                6.862031796117662e-07
            ],
            "tail": [
                0.3115381896495819,
                0.5460205078125,
                -0.019905485212802887
            ]
        },
        "index_base_to_index_joint1": {
            "head": [
                0.3115381896495819,
                0.5460205078125,
                -0.019905485212802887
            ],
            "tail": [
                0.35613182187080383,
                0.457464337348938,
                -0.041425783187150955
            ]
        },
        "index_joint1_to_index_joint2": {
            "head": [
                0.35613182187080383,
                0.457464337348938,
                -0.041425783187150955
            ],
            "tail": [
                0.3805622458457947,
                0.3995698094367981,
                -0.06249420344829559
            ]
        },
        "index_joint2_to_index_tip": {
            "head": [
                0.3805622458457947,
                0.3995698094367981,
                -0.06249420344829559
            ],
            "tail": [
                0.40126854181289673,
                0.34886711835861206,
                -0.07770367711782455
            ]
        },
        "wrist_to_middle_base": {
            "head": [
                0.19458699226379395,
                0.7787780165672302,
                6.862031796117662e-07
            ],
            "tail": [
                0.2680768668651581,
                0.5162126421928406,
                -0.015524259768426418
            ]
        },
        "middle_base_to_middle_joint1": {
            "head": [
                0.2680768668651581,
                0.5162126421928406,
                -0.015524259768426418
            ],
            "tail": [
                0.29140332341194153,
                0.40537381172180176,
                -0.03249095007777214
            ]
        },
        "middle_joint1_to_middle_joint2": {
            "head": [
                0.29140332341194153,
                0.40537381172180176,
                -0.03249095007777214
            ],
            "tail": [
                0.30353304743766785,
                0.3351868689060211,
                -0.05092242732644081
            ]
        },
        "middle_joint2_to_middle_tip": {
            "head": [
                0.30353304743766785,
                0.3351868689060211,
                -0.05092242732644081
            ],
            "tail": [
                0.313132107257843,
                0.2803794741630554,
                -0.06423743814229965
            ]
        },
        "wrist_to_ring_base": {
            "head": [
                0.19458699226379395,
                0.7787780165672302,
                6.862031796117662e-07
            ],
            "tail": [
                0.22440393269062042,
                0.5124434232711792,
                -0.017099877819418907
            ]
        },
        "ring_base_to_ring_joint1": {
            "head": [
                0.22440393269062042,
                0.5124434232711792,
                -0.017099877819418907
            ],
            "tail": [
                0.23569829761981964,
                0.4097272753715515,
                -0.03511808440089226
            ]
        },
        "ring_joint1_to_ring_joint2": {
            "head": [
                0.23569829761981964,
                0.4097272753715515,
                -0.03511808440089226
            ],
            "tail": [
                0.24413339793682098,
                0.3439406752586365,
                -0.04892246425151825
            ]
        },
        "ring_joint2_to_ring_tip": {
            "head": [
                0.24413339793682098,
                0.3439406752586365,
                -0.04892246425151825
            ],
            "tail": [
                0.2525036633014679,
                0.29208308458328247,
                -0.05760352686047554
            ]
        },
        "wrist_to_pinky_base": {
            "head": [
                0.19458699226379395,
                0.7787780165672302,
                6.862031796117662e-07
            ],
            "tail": [
                0.17894567549228668,
                0.5287176370620728,
                -0.023352166637778282
            ]
        },
        "pinky_base_to_pinky_joint1": {
            "head": [
                0.17894567549228668,
                0.5287176370620728,
                -0.023352166637778282
            ],
            "tail": [
                0.17697647213935852,
                0.4477665424346924,
                -0.03987863287329674
            ]
        },
        "pinky_joint1_to_pinky_joint2": {
            "head": [
                0.17697647213935852,
                0.4477665424346924,
                -0.03987863287329674
            ],
            "tail": [
                0.17816704511642456,
                0.39182186126708984,
                -0.04674050956964493
            ]
        },
        "pinky_joint2_to_pinky_tip": {
            "head": [
                0.17816704511642456,
                0.39182186126708984,
                -0.04674050956964493
            ],
            "tail": [
                0.18203213810920715,
                0.3431324362754822,
                -0.049715787172317505
            ]
        }
    }
}