{
    "bones": {
        "head_to_neck": {
            "head": [
                0.4208405017852783,
                0.29427072405815125,
                -0.16262070834636688
            ],
            "tail": [
                0.42512330412864685,
                0.2828197181224823,
                -0.1495717316865921
            ]
        },
        "neck_to_left_shoulder": {
            "head": [
                0.42512330412864685,
                0.2828197181224823,
                -0.1495717316865921
            ],
            "tail": [
                0.44812339544296265,
                0.34746256470680237,
                -0.08185847103595734
            ]
        },
        "neck_to_right_shoulder": {
            "head": [
                0.42512330412864685,
                0.2828197181224823,
                -0.1495717316865921
            ],
            "tail": [
                0.3739210069179535,
                0.33324193954467773,
                0.07279188930988312
            ]
        },
        "left_shoulder_to_left_elbow": {
            "head": [
                0.44812339544296265,
                0.34746256470680237,
                -0.08185847103595734
            ],
            "tail": [
                0.41905075311660767,
                0.4122493863105774,
                -0.17567595839500427
            ]
        },
        "left_elbow_to_left_wrist": {
            "head": [
                0.41905075311660767,
                0.4122493863105774,
                -0.17567595839500427
            ],
            "tail": [
                0.35466453433036804,
                0.4040517508983612,
                -0.2986864447593689
            ]
        },
        "right_shoulder_to_right_elbow": {
            "head": [
                0.3739210069179535,
                0.33324193954467773,
                0.07279188930988312
            ],
            "tail": [
                0.3383670747280121,
                0.4017623960971832,
                0.052010633051395416
            ]
        },
        "right_elbow_to_right_wrist": {
            "head": [
                0.3383670747280121,
                0.4017623960971832,
                0.052010633051395416
            ],
            "tail": [
                0.3063022494316101,
                0.40912923216819763,
                -0.11233855783939362
            ]
        },
        "neck_to_spine": {
            "head": [
                0.42512330412864685,
                0.2828197181224823,
                -0.1495717316865921
            ],
            "tail": [
                0.40107861161231995,
                0.5130272507667542,
                -0.05527102202177048
            ]
        },
        "spine_to_left_hip": {
            "head": [
                0.40107861161231995,
                0.5130272507667542,
                -0.05527102202177048
            ],
            "tail": [
                0.3873983323574066,
                0.6429519653320312,
                -0.12058143317699432
            ]
        },
        "spine_to_right_hip": {
            "head": [
                0.40107861161231995,
                0.5130272507667542,
                -0.05527102202177048
            ],
            "tail": [
                0.3607081174850464,
                0.5005505084991455,
                0.05524967983365059
            ]
        },
        "left_hip_to_left_knee": {
            "head": [
                0.3873983323574066,
                0.6429519653320312,
                -0.12058143317699432
            ],
            "tail": [
                0.36959484219551086,
                0.763503909111023,
                -0.0613345205783844
            ]
        },
        "left_knee_to_left_ankle": {
            "head": [
                0.36959484219551086,
                0.763503909111023,
                -0.0613345205783844
            ],
            "tail": [
                0.36794978380203247,
                0.7834748029708862,
                -0.06253685057163239
            ]
        },
        "right_hip_to_right_knee": {
            "head": [
                0.3607081174850464,
                0.5005505084991455,
                0.05524967983365059
            ],
            "tail": [
                0.3234115242958069,
                0.593830943107605,
                -0.005530582275241613
            ]
        },
        "right_knee_to_right_ankle": {
            "head": [
                0.3234115242958069,
                0.593830943107605,
                -0.005530582275241613
            ],
            "tail": [
                0.3496682345867157,
                0.696682870388031,
                0.2171192467212677
            ]
        }
    }
}